<T3DataStructure>
    <meta>
        <langDisable>1</langDisable>
    </meta>
    <sheets>
        <sDEF>
            <ROOT>
                <TCEforms>
                    <sheetTitle>LLL:EXT:theme_t3kit/Resources/Private/Language/ContentElements.xlf:accordion.flexform.sheetGeneral</sheetTitle>
                </TCEforms>
                <type>array</type>
                <el>
                    <accordionMode>
                        <TCEforms>
                            <label>LLL:EXT:theme_t3kit/Resources/Private/Language/ContentElements.xlf:accordion.flexform.accordionMode</label>
                            <config>
                                <type>select</type>
                                <items>

                                </items>
                            </config>
                        </TCEforms>
                    </accordionMode>
                </el>
            </ROOT>
        </sDEF>
    </sheets>
</T3DataStructure>
