<T3DataStructure>
    <meta>
        <langDisable>1</langDisable>
    </meta>
    <sheets>
        <sDEF>
            <ROOT>
                <TCEforms>
                    <sheetTitle>LLL:EXT:theme_t3kit/Resources/Private/Language/ContentElements.xlf:bigIconTextButton.flexform.sheetGeneral</sheetTitle>
                </TCEforms>
                <type>array</type>
                <el>
                    <wholeAreaLink>
                        <TCEforms>
                            <label>LLL:EXT:theme_t3kit/Resources/Private/Language/ContentElements.xlf:elem.flexform.wholeAreaLink</label>
                            <config>
                                <type>input</type>
                                <eval>trim</eval>
                                <size>60</size>
                                <default></default>
                                <wizards type="array">
                                    <_PADDING type="integer">2</_PADDING>
                                    <link type="array">
                                        <type>popup</type>
                                        <title>Link</title>
                                        <icon>link_popup.gif</icon>
                                        <module type="array">
                                            <name>wizard_element_browser</name>
                                            <urlParameters type="array">
                                                <mode>wizard</mode>
                                                <act>file</act>
                                            </urlParameters>
                                        </module>
                                        <JSopenParams>height=500,width=500,status=0,menubar=0,scrollbars=1</JSopenParams>
                                    </link>
                                </wizards>                
                            </config>
                        </TCEforms>
                    </wholeAreaLink>
                    
                    <btnAsLink>
                      <TCEforms>
                        <label>LLL:EXT:theme_t3kit/Resources/Private/Language/ContentElements.xlf:elem.flexform.btnAsLink</label>
                        <config>
                          <type>check</type>
                        </config>
                      </TCEforms>
                    </btnAsLink>
                    <iconClass>
                        <TCEforms>
                            <label>LLL:EXT:theme_t3kit/Resources/Private/Language/ContentElements.xlf:bigIconTextButton.flexform.iconClass</label>
                            <config>
                                <type>user</type>
                                <userFunc>T3kit\T3kitExtensionTools\UserFunction\IconFontSelector->renderField</userFunc>
                                <cssFile>EXT:theme_t3kit/Resources/Public/felayout_t3kit/fonts/style.css</cssFile>
                                <isIcoMoon>1</isIcoMoon>
                            </config>
                        </TCEforms>
                    </iconClass>
                </el>
            </ROOT>
        </sDEF>
    </sheets>
</T3DataStructure>
