<?xml version="1.0" encoding="utf-8" standalone="yes" ?>
<T3DataStructure>
		<meta type="array">
				<langDisable>1</langDisable>
		</meta>
	<sheets>
		<columns>
			<ROOT type="array">
				<TCEforms>
					<sheetTitle>LLL:EXT:theme_t3kit/Resources/Private/Language/GridElements.xlf:grid</sheetTitle>
				</TCEforms>
				<el type="array">
					<container type="array">
							<TCEforms type="array">
									<label>LLL:EXT:theme_t3kit/Resources/Private/Language/GridElements.xlf:container</label>
									<config type="array">
											<type>select</type>
											<items type="array">
													<numIndex index="0" type="array">
															<numIndex index="0">-</numIndex>
															<numIndex index="1"></numIndex>
													</numIndex>
													<numIndex index="1" type="array">
															<numIndex index="0">Container</numIndex>
															<numIndex index="1">container</numIndex>
													</numIndex>
													<numIndex index="2" type="array">
															<numIndex index="0">Container-fluid</numIndex>
															<numIndex index="1">container-fluid</numIndex>
													</numIndex>
											</items>
											<default></default>
									</config>
							</TCEforms>
					</container>
					<column_1_xs type="array">
							<TCEforms type="array">
									<label>LLL:EXT:theme_t3kit/Resources/Private/Language/GridElements.xlf:column_1_xs</label>
									<config type="array">
											<type>select</type>
											<items type="array">
												<numIndex index="0" type="array">
													<numIndex index="0">-</numIndex>
													<numIndex index="1"></numIndex>
												</numIndex>
											</items>
											<default></default>
									</config>
							</TCEforms>
					</column_1_xs>
					<column_1_sm type="array">
							<TCEforms type="array">
									<label>LLL:EXT:theme_t3kit/Resources/Private/Language/GridElements.xlf:column_1_sm</label>
									<config type="array">
											<type>select</type>
											<items type="array">
												<numIndex index="0" type="array">
													<numIndex index="0">-</numIndex>
													<numIndex index="1"></numIndex>
												</numIndex>
											</items>
											<default></default>
									</config>
							</TCEforms>
					</column_1_sm>
					<column_1_md type="array">
							<TCEforms type="array">
									<label>LLL:EXT:theme_t3kit/Resources/Private/Language/GridElements.xlf:column_1_md</label>
									<config type="array">
											<type>select</type>
											<items type="array">
												<numIndex index="0" type="array">
													<numIndex index="0">-</numIndex>
													<numIndex index="1"></numIndex>
												</numIndex>
											</items>
											<default>col-md-6</default>
									</config>
							</TCEforms>
					</column_1_md>
					<column_1_lg type="array">
							<TCEforms type="array">
									<label>LLL:EXT:theme_t3kit/Resources/Private/Language/GridElements.xlf:column_1_lg</label>
									<config type="array">
											<type>select</type>
											<items type="array">
												<numIndex index="0" type="array">
													<numIndex index="0">-</numIndex>
													<numIndex index="1"></numIndex>
												</numIndex>
											</items>
											<default></default>
									</config>
							</TCEforms>
					</column_1_lg>
					<column_1_layout type="array">
							<TCEforms type="array">
									<label>LLL:EXT:theme_t3kit/Resources/Private/Language/GridElements.xlf:column_1_layout</label>
									<config type="array">
											<type>select</type>
											<items type="array">
												<numIndex index="0" type="array">
													<numIndex index="0">-</numIndex>
													<numIndex index="1"></numIndex>
												</numIndex>
											</items>
											<default></default>
									</config>
							</TCEforms>
					</column_1_layout>
					<column_1_offset type="array">
							<TCEforms type="array">
									<label>LLL:EXT:theme_t3kit/Resources/Private/Language/GridElements.xlf:column_1_offset</label>
									<config type="array">
											<type>select</type>
											<items type="array">
												<numIndex index="0" type="array">
													<numIndex index="0">-</numIndex>
													<numIndex index="1"></numIndex>
												</numIndex>
											</items>
											<default></default>
									</config>
							</TCEforms>
					</column_1_offset>
					<column_1_content_wrapper>
						<TCEforms type="array">
									<label>LLL:EXT:theme_t3kit/Resources/Private/Language/GridElements.xlf:column_1_content_wrapper</label>
									<config type="array">
											<type>select</type>
											<items type="array">
												<numIndex index="0" type="array">
													<numIndex index="0">-</numIndex>
													<numIndex index="1"></numIndex>
												</numIndex>
											</items>
											<default></default>
									</config>
						</TCEforms>
					</column_1_content_wrapper>
					<column_1_class>
						<TCEforms>
							<label>LLL:EXT:theme_t3kit/Resources/Private/Language/GridElements.xlf:column_1_class</label>
							<config>
								<type>input</type>
								<size>15</size>
							</config>
						</TCEforms>
					</column_1_class>
					<column_2_xs type="array">
							<TCEforms type="array">
									<label>LLL:EXT:theme_t3kit/Resources/Private/Language/GridElements.xlf:column_2_xs</label>
									<config type="array">
											<type>select</type>
											<items type="array">
												<numIndex index="0" type="array">
													<numIndex index="0">-</numIndex>
													<numIndex index="1"></numIndex>
												</numIndex>
											</items>
											<default></default>
									</config>
							</TCEforms>
					</column_2_xs>
					<column_2_sm type="array">
							<TCEforms type="array">
									<label>LLL:EXT:theme_t3kit/Resources/Private/Language/GridElements.xlf:column_2_sm</label>
									<config type="array">
											<type>select</type>
											<items type="array">
												<numIndex index="0" type="array">
													<numIndex index="0">-</numIndex>
													<numIndex index="1"></numIndex>
												</numIndex>
											</items>
											<default></default>
									</config>
							</TCEforms>
					</column_2_sm>
					<column_2_md type="array">
							<TCEforms type="array">
									<label>LLL:EXT:theme_t3kit/Resources/Private/Language/GridElements.xlf:column_2_md</label>
									<config type="array">
											<type>select</type>
											<items type="array">
												<numIndex index="0" type="array">
													<numIndex index="0">-</numIndex>
													<numIndex index="1"></numIndex>
												</numIndex>
											</items>
											<default>col-md-6</default>
									</config>
							</TCEforms>
					</column_2_md>
					<column_2_lg type="array">
							<TCEforms type="array">
									<label>LLL:EXT:theme_t3kit/Resources/Private/Language/GridElements.xlf:column_2_lg</label>
									<config type="array">
											<type>select</type>
											<items type="array">
												<numIndex index="0" type="array">
													<numIndex index="0">-</numIndex>
													<numIndex index="1"></numIndex>
												</numIndex>
											</items>
											<default></default>
									</config>
							</TCEforms>
					</column_2_lg>
					<column_2_layout type="array">
							<TCEforms type="array">
									<label>LLL:EXT:theme_t3kit/Resources/Private/Language/GridElements.xlf:column_2_layout</label>
									<config type="array">
											<type>select</type>
											<items type="array">
												<numIndex index="0" type="array">
													<numIndex index="0">-</numIndex>
													<numIndex index="1"></numIndex>
												</numIndex>
											</items>
											<default></default>
									</config>
							</TCEforms>
					</column_2_layout>
					<column_2_offset type="array">
							<TCEforms type="array">
									<label>LLL:EXT:theme_t3kit/Resources/Private/Language/GridElements.xlf:column_2_offset</label>
									<config type="array">
											<type>select</type>
											<items type="array">
												<numIndex index="0" type="array">
													<numIndex index="0">-</numIndex>
													<numIndex index="1"></numIndex>
												</numIndex>
											</items>
											<default></default>
									</config>
							</TCEforms>
					</column_2_offset>
					<column_2_content_wrapper>
						<TCEforms type="array">
									<label>LLL:EXT:theme_t3kit/Resources/Private/Language/GridElements.xlf:column_2_content_wrapper</label>
									<config type="array">
											<type>select</type>
											<items type="array">
												<numIndex index="0" type="array">
													<numIndex index="0">-</numIndex>
													<numIndex index="1"></numIndex>
												</numIndex>
											</items>
											<default></default>
									</config>
						</TCEforms>
					</column_2_content_wrapper>
					<column_2_class>
						<TCEforms>
							<label>LLL:EXT:theme_t3kit/Resources/Private/Language/GridElements.xlf:column_2_class</label>
							<config>
								<type>input</type>
								<size>15</size>
							</config>
						</TCEforms>
					</column_2_class>
				</el>
			</ROOT>
		</columns>
			</sheets>
</T3DataStructure>
