<?xml version="1.0" encoding="utf-8" standalone="yes" ?>
<T3DataStructure>
		<meta type="array">
				<langDisable>1</langDisable>
		</meta>
	<sheets>
		<columns>
			<ROOT type="array">
				<TCEforms>
					<sheetTitle>LLL:EXT:theme_t3kit/Resources/Private/Language/GridElements.xlf:collapsible.flexform.title</sheetTitle>
				</TCEforms>
				<el type="array">
					<expanded>
						<TCEforms>
							<label>LLL:EXT:theme_t3kit/Resources/Private/Language/GridElements.xlf:collapsible.flexform.expanded</label>
							<config>
								<type>check</type>
								<default></default>
							</config>
						</TCEforms>
					</expanded>
				</el>
			</ROOT>
		</columns>
			</sheets>
</T3DataStructure>
