
<T3DataStructure>
    <meta>
        <langDisable>1</langDisable>
    </meta>
    <sheets>
        <sDEF>
            <ROOT>
                <TCEforms>
                    <sheetTitle>LLL:EXT:theme_t3kit/Resources/Private/Language/ContentElements.xlf:iconTextButton.flexform.sheetGeneral</sheetTitle>
                </TCEforms>
                <type>array</type>
                <el>

                    <elementText>
                        <TCEforms>
                            <label>LLL:EXT:theme_t3kit/Resources/Private/Language/ContentElements.xlf:heroImage.flexform.elementText</label>
                            <config>
                                <type>text</type>
                            </config>
                        </TCEforms>
                    </elementText>

                    <elementHeight>
                        <TCEforms>
                            <label>LLL:EXT:theme_t3kit/Resources/Private/Language/ContentElements.xlf:heroImage.flexform.elementHeight</label>
                            <config>
                                <type>input</type>
                                <rows>1</rows>
                                <default>320</default>
                            </config>
                        </TCEforms>
                    </elementHeight>

                    <linkAsBtn>
                      <TCEforms>
                        <label>LLL:EXT:theme_t3kit/Resources/Private/Language/ContentElements.xlf:elem.flexform.linkAsBtn</label>
                        <config>
                          <type>check</type>
                        </config>
                      </TCEforms>
                    </linkAsBtn>

                    <contentPosition>
                        <TCEforms>
                            <label>LLL:EXT:theme_t3kit/Resources/Private/Language/ContentElements.xlf:heroImage.flexform.contentPosition</label>
                            <config>
                                <type>select</type>
                                <items>

                                </items>
                            </config>
                        </TCEforms>
                    </contentPosition>

                    <animationStyle>
                        <TCEforms>
                            <label>LLL:EXT:theme_t3kit/Resources/Private/Language/ContentElements.xlf:heroImage.flexform.animationStyle</label>
                            <config>
                                <type>select</type>
                                <items>

                                </items>
                            </config>
                        </TCEforms>
                    </animationStyle>

                  </el>
            </ROOT>
        </sDEF>
    </sheets>
</T3DataStructure>
