<T3DataStructure>
	<meta>
		<langDisable>1</langDisable>
	</meta>
	<sheets>
		<sDEF>
			<ROOT>
				<TCEforms>
					<sheetTitle>
						LLL:EXT:theme_t3kit/Resources/Private/Language/ContentElements.xlf:accordion.flexform.sheetGeneral
					</sheetTitle>
				</TCEforms>
				<type>array</type>
				<el>
					<facebookLink>
						<TCEforms>
							<label>
								LLL:EXT:theme_t3kit/Resources/Private/Language/ContentElements.xlf:socialIcons.flexform.facebookLink
							</label>
							<config>
								<type>input</type>
							</config>
						</TCEforms>
					</facebookLink>
					<googlePlusLink>
						<TCEforms>
							<label>
								LLL:EXT:theme_t3kit/Resources/Private/Language/ContentElements.xlf:socialIcons.flexform.googlePlusLink
							</label>
							<config>
								<type>input</type>
							</config>
						</TCEforms>
					</googlePlusLink>
					<instagramLink>
						<TCEforms>
							<label>
								LLL:EXT:theme_t3kit/Resources/Private/Language/ContentElements.xlf:socialIcons.flexform.instagramLink
							</label>
							<config>
								<type>input</type>
							</config>
						</TCEforms>
					</instagramLink>
					<linkedInLink>
						<TCEforms>
							<label>
								LLL:EXT:theme_t3kit/Resources/Private/Language/ContentElements.xlf:socialIcons.flexform.linkedInLink
							</label>
							<config>
								<type>input</type>
							</config>
						</TCEforms>
					</linkedInLink>
					<pinterestLink>
						<TCEforms>
							<label>
								LLL:EXT:theme_t3kit/Resources/Private/Language/ContentElements.xlf:socialIcons.flexform.pinterestLink
							</label>
							<config>
								<type>input</type>
							</config>
						</TCEforms>
					</pinterestLink>
					<twitterLink>
						<TCEforms>
							<label>
								LLL:EXT:theme_t3kit/Resources/Private/Language/ContentElements.xlf:socialIcons.flexform.twitterLink
							</label>
							<config>
								<type>input</type>
							</config>
						</TCEforms>
					</twitterLink>
					<vimeoLink>
						<TCEforms>
							<label>
								LLL:EXT:theme_t3kit/Resources/Private/Language/ContentElements.xlf:socialIcons.flexform.vimeoLink
							</label>
							<config>
								<type>input</type>
							</config>
						</TCEforms>
					</vimeoLink>
					<youtubeLink>
						<TCEforms>
							<label>
								LLL:EXT:theme_t3kit/Resources/Private/Language/ContentElements.xlf:socialIcons.flexform.youtubeLink
							</label>
							<config>
								<type>input</type>
							</config>
						</TCEforms>
					</youtubeLink>
				</el>
			</ROOT>
		</sDEF>
	</sheets>
</T3DataStructure>
