<T3DataStructure>
    <meta>
        <langDisable>1</langDisable>
    </meta>
    <sheets>
        <sDEF>
            <ROOT>
                <TCEforms>
                    <sheetTitle>LLL:EXT:theme_t3kit/Resources/Private/Language/ContentElements.xlf:iconTextButton.flexform.sheetGeneral</sheetTitle>
                </TCEforms>
                <type>array</type>
                <el>
                    <disableWholeAreaLink>
                        <TCEforms>
                         <label>LLL:EXT:theme_t3kit/Resources/Private/Language/ContentElements.xlf:elem.flexform.disableWholeAreaLink</label>
                            <config>
                                <type>check</type>
                            </config>
                        </TCEforms>
                    </disableWholeAreaLink>

                    <linkAsBtn>
                      <TCEforms>
                        <label>LLL:EXT:theme_t3kit/Resources/Private/Language/ContentElements.xlf:elem.flexform.linkAsBtn</label>
                        <config>
                          <type>check</type>
                        </config>
                      </TCEforms>
                    </linkAsBtn>

                    <hoverEffect>
                        <TCEforms>
                            <label>LLL:EXT:theme_t3kit/Resources/Private/Language/ContentElements.xlf:imageTextLink.flexform.hoverEffect</label>
                            <config>
                                <type>select</type>
                                <items>

                                </items>
                            </config>
                        </TCEforms>
                    </hoverEffect>
                  </el>
            </ROOT>
        </sDEF>
    </sheets>
</T3DataStructure>
