<T3DataStructure>
    <meta>
        <langDisable>1</langDisable>
    </meta>
    <sheets>
        <sDEF>
            <ROOT>
                <TCEforms>
                    <sheetTitle>LLL:EXT:theme_t3kit/Resources/Private/Language/ContentElements.xlf:iconTextButton.flexform.sheetGeneral</sheetTitle>
                </TCEforms>
                <type>array</type>
                <el>
                    <btnAsLink>
                      <TCEforms>
                        <label>LLL:EXT:theme_t3kit/Resources/Private/Language/ContentElements.xlf:elem.flexform.btnAsLink</label>
                        <config>
                          <type>check</type>
                        </config>
                      </TCEforms>
                    </btnAsLink>
                    <iconClass>
                        <TCEforms>
                            <label>LLL:EXT:theme_t3kit/Resources/Private/Language/ContentElements.xlf:iconTextButton.flexform.iconClass</label>
                            <config>
                                <type>user</type>
                                <userFunc>T3kit\T3kitExtensionTools\UserFunction\IconFontSelector->renderField</userFunc>
                                <cssFile>EXT:theme_t3kit/Resources/Public/felayout_t3kit/fonts/style.css</cssFile>
                                <isIcoMoon>1</isIcoMoon>
                            </config>
                        </TCEforms>
                    </iconClass>
                </el>
            </ROOT>
        </sDEF>
    </sheets>
</T3DataStructure>
